Entry,Q_1,P_1,Role_1,Q_2,P_2,Role_2
Q02218,0.0016927003561744147,1.2006228698794175,3,-0.07903309324751961,1.6155078610294282,1
P00568,0.0013474175002308186,0.1325206426183101,3,-0.5831590688105466,0.2024161051435982,1
P02652,0.08322595056678384,9.385988986495164,3,0.048053489319814124,-4.185820182907207,2
