Entry,Q1,P1,Q2,P2
Q02218,0.0022040241296975398,0.060392734055054395,-0.1352053339299746,0.047077286529499725
P00568,0.0017544421895940546,0.006665945322156432,-0.9976354707284704,0.00589857842858469
P02652,0.10836657033553868,0.4721263553517789,0.08220718055189263,-0.12197841320414665
