Entry,Q1,P1,Q2,P2
Q02790,0.24319309128273894,0.3635964870476035,0.033916334173451995,0.12489739257064322
Q07866,-0.7122153455931886,-0.5580419858534418,0.3360605045577706,0.1445685515978574
Q99613,-0.5144047215629469,-0.06324901630661554,0.05535923181556255,0.5284134949800448
