Entry,Q1,P1,Q2,P2
OGDH,0.0022040241302990074,0.06039273405304574,-0.13520533393025633,0.04707728652982568
AK1,0.0017544421897929892,0.0066659453220969285,-0.997635470731397,0.005898578428685396
APOA2,0.10836657033575817,0.4721263553496916,0.08220718055142177,-0.12197841320257094
