Entry,Q_1,P_1,Role_1,Q_2,P_2,Role_2
Q02790,0.28386434021359497,0.07306986216151512,3,0.027260800666782492,0.026235523043600217,3
Q07866,-0.8313251749892845,-0.11214643826113369,0,0.2701140512378464,0.030367580049201037,3
Q99613,-0.6004329979894789,-0.012710785356874865,0,0.04449587552334977,0.11099674812071936,3
