Entry,Distance,P1,Q1,P2,Q2
MARS1,1.95936233359331,-0.8211566001517683,-0.1794066232427752,0.31285788106771123,-1.0
NUCB1,1.8435904271652024,0.6099585198985311,-0.47059528076655843,-0.6399352813857023,0.05983465115324924
LRP1,2.0826426430390255,-0.77185201940649,0.7394587169717909,-0.2656515198906291,-0.6119863234678558
TRIM28,1.6922816156424039,-0.483629735636036,-0.9648805383085617,-0.33839051987742125,0.32786351441348666
NUFIP2,1.6963516164846675,-0.19257176533049383,0.2045317828871382,0.3681952402383709,-0.9710072347341386
