Entry,Distance,P1,Q1,P2,Q2
MYL1,0.7616158699819793,-0.2832140554618597,-0.2473369217774284,0.5671114227919505,-0.443710165918295
UBAP2L,0.7128574910817367,-0.8639156552304174,-0.170644209427428,-0.019704619044769067,-0.18349790399711322
SF3A1,0.6142529539502932,-0.42176021594646546,-0.09292039893479202,-0.4955992157237205,-0.8731772515558938
HDGFL2,1.7337706583394041,0.23989551368312523,-0.373546173175565,-1.0,0.06965781314209396
KTN1,1.1863115566807607,0.2197066333625459,-0.3719361058162993,-0.8612970556463866,-0.238734825680409
