Entry,Distance,P1,Q1,P2,Q2
MYL1,0.7616158699880682,-0.2832140554648364,-0.24733692177650282,0.5671114227923453,-0.4437101659182736
UBAP2L,0.7128574910857374,-0.8639156552322101,-0.17064420942678168,-0.019704619044206794,-0.18349790399741708
SF3A1,0.6142529539506479,-0.42176021594812235,-0.09292039893450975,-0.49559921572311955,-0.8731772515560525
HDGFL2,1.7337706583324792,0.23989551368050452,-0.37354617317518923,-1.0,0.06965781314198835
KTN1,1.1863115566789073,0.2197066333614332,-0.371936105816179,-0.8612970556466504,-0.2387348256803571
