,ID,Description,ProteinCount,Strength,FDR,geneID,ProteinRatio,pvalue,qvalue
94,KW-0007,Acetylation,22,0.58,5.97e-07,"Q15459,Q02218,Q9Y3D6,Q07954,Q15843,P38606,P42765,P61981,Q9H0U4,O94925,P40926,P36957,P35222,Q9UJZ1,P12956,Q9UNH7,P26447,P30085,Q07065,P18859,Q9UHD8,P04179",0.6470588235294118,5.97e-07,5.97e-07
95,KW-0809,Transit peptide,8,0.93,0.0012,"Q02218,P42765,O94925,P40926,P36957,Q9UJZ1,P18859,P04179",0.23529411764705882,0.0012,0.0012
96,KW-0597,Phosphoprotein,26,0.27,0.0071,"Q15459,Q02218,Q9Y3D6,Q07954,P56192,P38606,P42765,P61981,Q9H0U4,O94925,P40926,P36957,P35222,P62854,Q9UJZ1,P12956,Q9UNH7,P02652,Q96L92,P30085,Q07065,Q02818,P18859,Q9UHD8,Q07866,Q14011",0.7647058823529411,0.0071,0.0071
97,KW-0963,Cytoplasm,20,0.36,0.0076,"Q07954,P56192,P62917,P38606,P61981,Q9H0U4,O94925,P35222,P62854,Q9UJZ1,Q9UNH7,Q96L92,P30085,Q07065,Q13162,Q02818,O15143,Q9UHD8,Q07866,Q14011",0.5882352941176471,0.0076,0.0076
98,KW-0375,Hydrogen ion transport,3,1.54,0.0142,"P38606,P21281,P18859",0.08823529411764706,0.0142,0.0142
99,KW-0496,Mitochondrion,9,0.64,0.0156,"Q02218,Q9Y3D6,P42765,O94925,P40926,P36957,Q9UJZ1,P18859,P04179",0.2647058823529412,0.0156,0.0156
100,KW-0887,Epilepsy,4,1.04,0.0487,"P38606,P61981,O94925,P40926",0.11764705882352941,0.0487,0.0487
