Regulator,Target,Weight
P02652,Q14767,0.8251849941581983
P02652,P63313,0.7945774119220932
P63313,P02652,0.7803014683060537
P00568,P62854,0.8072541089242338
P00568,Q9UMS6,0.7339209114066401
Q9UMS6,P00568,0.7017743752558229
P04179,Q02218,0.8453581947221342
Q02218,P04179,0.8141395332606912
Q01995,Q02218,0.6686077621351588
