Regulator,Target,Weight
P02652,Q07954,0.7644095426892755
P02652,Q9H0U4,0.7622656844851895
P02652,P56192,0.6616692110397716
P21281,P00568,0.5656010922640373
Q15233,P00568,0.5509697431023953
P02461,P00568,0.4552745166860585
Q02818,Q02218,0.9173526074760368
Q02218,Q02818,0.8925973424889865
Q02218,P63208,0.649708145382814
