Unnamed: 0,Regulator,Target,Weight
1141,Q02790,P49023,0.0691262962456185
1151,Q02790,Q01995,0.0676264587469612
1167,Q02790,Q99879,0.0675107971724472
1242,Q07866,P67809,0.2376344605743361
1252,Q07866,Q3SX28,0.2132398785654525
1233,Q07866,P17096,0.0807305607312305
1836,Q99613,O94925,0.0502576571699187
1850,Q99613,P62424,0.0493400392542121
508,P16989,Q99613,0.0466589871232298
402,P14174,Q07954,0.0772217481861727
420,P14174,Q9UMX0,0.0751786933590751
396,P14174,P67936,0.0741415483304293
