Unnamed: 0,Regulator,Target,Weight
1173,Q02790,Q9UN86,0.0586361171112144
1144,Q02790,P62328,0.0569442763764663
1153,Q02790,Q07866,0.0552513727282169
1200,Q07065,Q07866,0.0565535897311177
354,P13667,Q07866,0.056393309184327
730,P56192,Q07866,0.0559795997537592
414,P14174,Q99613,0.0437601620845802
1844,Q99613,P17096,0.0367003739098397
1919,Q99879,Q99613,0.0315817400985086
418,P14174,Q9UHB9,0.115343087973015
387,P14174,P31949,0.1095178135989497
410,P14174,Q8IVL6,0.0888061652991045
