Protein,Weight,Role
P62854,0.6369302631694393,1
P00568,10.266646951443423,3
Q01995,0.7324840875525281,2
Q9UMS6,1.1254534257465958,0
P63313,1.3795190123056953,2
Q02218,10.256626265468988,3
P02652,11.279695443423265,3
P04179,1.397043907948671,1
Q14767,0.9151186802587454,2
