Protein,Weight,Role
P13667,0.10431108207655221,2
Q9UHB9,0.1152356534153317,0
P31949,0.061091098028870694,2
Q99613,0.7806968536913818,0
Q99879,0.12079179344271242,0
Q8IVL6,0.123357990790676,2
Q02790,1.4630277171430404,3
P62328,0.1178939928519648,0
P14174,1.7840803909811636,2
Q9UN86,0.0805785274181669,0
P17096,0.0715789000963651,0
Q07866,0.6914790615966406,0
P56192,0.11522052739367811,2
Q07065,0.1362272347870548,2
