Protein,Weight,Role
P63208,0.8647311171233385,0
Q02818,1.4610739079954052,2
Q15233,0.8451538838096201,2
P00568,7.812912461524982,1
Q07954,1.0362623614136015,0
Q02218,11.569482811495547,1
P02652,12.292151544798616,2
Q9H0U4,0.7059166675703027,1
P21281,1.2975415363245177,0
P02461,0.7828449188170435,0
P56192,0.8641943055209735,1
