Protein,Weight,Role
P16989,0.1229674371103959,1
Q9UMX0,0.1103941497649965,0
O94925,0.1120487598504504,0
Q99613,1.2341680259031726,3
P67809,0.1076426167748426,2
P62424,0.1483544494132942,1
Q01995,0.0996750208108417,0
Q3SX28,0.046027116087738906,0
Q07954,0.133826867399015,0
Q02790,1.180395588005028,1
P67936,0.043459398750762296,1
P14174,1.2668467955990608,3
P17096,0.0627481910344574,0
Q07866,1.3968637909453272,3
Q99879,0.09265586387516489,2
P49023,0.0949856580506831,0
