category,BackgroundGeneCount,ProteinCount,ProteinNames,FDR,Description,Strength
GO Biological Function,27,3,"Q07954,Q96CW1,P02652",0.039,Lipoprotein particle receptor binding,1.0307824876832412
GO Biological Function,438,9,"P63313,Q9UMS6,Q05682,P06753,P26447,P62328,O15143,Q01995,Q96HC4",0.0018,Actin binding,0.59230407090677
GO Biological Function,1649,20,"Q7Z417,Q07954,Q13263,P56192,P62917,Q15233,P42765,P61981,P40926,Q14444,P62854,P23246,P12956,P27816,P53621,P26447,Q07065,P62328,P13010,Q14011",4.46e-06,RNA binding,0.5217698154318094
GO Biological Function,973,11,"P63313,P49023,Q9UMS6,P27816,Q05682,P06753,P26447,P62328,O15143,Q01995,Q96HC4",0.0239,Cytoskeletal protein binding,0.5135404513099844
GO Biological Function,12516,47,"Q02218,Q7Z417,P63208,P63313,Q07954,Q15843,Q13263,Q14767,P56192,P62917,P49023,Q15233,P21281,P42765,Q96CW1,P02461,Q9UMS6,P61981,P05976,Q9H0U4,P37837,P40926,Q14444,P62854,P23246,P12956,P27816,Q05682,P02652,P53621,P06753,P26447,P30085,P00568,P15374,Q07065,P62328,P13010,Q02818,O15143,P18859,Q9UHD8,Q01995,Q8WWI1,P04179,Q14011,Q96HC4",0.0013,Binding,0.4122857195901725
