category,BackgroundGeneCount,ProteinCount,ProteinNames,FDR,Description,Strength
GO Biological Function,289,8,"P16989,P49756,P62854,Q15366,Q9UN86,P67809,Q9Y5S9,Q14011",0.00077,mRNA binding,0.6412689899023675
GO Biological Function,334,7,"P31949,P62854,P62424,Q86UP2,P05556,Q16181,O60716",0.0126,Cadherin binding,0.5952215257508691
GO Biological Function,538,8,"P49023,P31949,P62854,P62424,Q86UP2,P05556,Q16181,O60716",0.0268,Cell adhesion molecule binding,0.5468668206085135
GO Biological Function,1649,22,"Q02790,Q9HBL0,P16989,Q07954,P49756,P56192,P13667,Q9UHB9,Q71UM5,Q99613,P62854,Q6NZI2,Q15366,Q9UN86,P62424,P67809,Q07065,P62328,Q86UP2,Q92841,Q9Y5S9,Q14011",1.53e-08,RNA binding,0.5332874668023212
GO Biological Function,3947,25,"Q02790,Q9HBL0,P16989,Q07954,P49756,P56192,P13667,Q9UHB9,P80723,Q71UM5,Q99613,P62854,Q6NZI2,Q15366,Q9UN86,P62424,P67809,Q07065,P62328,Q86UP2,Q92841,P17096,Q9Y5S9,Q14011,Q99879",0.00077,Nucleic acid binding,0.4548479004208036
