category,BackgroundGeneCount,ProteinCount,ProteinNames,FDR,Description,Strength
GO Biological Process,776,10,"P63208,O00629,P62854,Q15366,Q9UN86,P62424,P05556,P17096,Q07866,P05787",0.0436,Viral process,0.5289547114552908
GO Biological Process,865,11,"P63208,O00629,P62854,Q15366,Q9UN86,P62424,P05556,O60716,P17096,Q07866,P05787",0.0268,Symbiotic process,0.527363520104442
GO Biological Process,2583,20,"Q02790,Q9HBL0,P14174,Q9UBR2,P63208,P49023,O94925,Q71UM5,Q99613,Q9UN86,P62424,Q9UMX0,P05556,Q92841,Q16181,O60716,P17096,P05787,Q14011,Q99879",0.0092,Cellular component biogenesis,0.4736278083610402
GO Biological Process,2359,18,"Q02790,Q9HBL0,P14174,Q9UBR2,P63208,P49023,O94925,Q71UM5,Q99613,Q9UN86,Q9UMX0,P05556,Q16181,O60716,P17096,P05787,Q14011,Q99879",0.0268,Cellular component assembly,0.4722016097859535
