ID,Description,ProteinCount,Strength,FDR,protnames,ProteinRatio,pvalue,qvalue
GO:0003723,RNA bindin...,20,0.74,1.64e-07,"Q7Z417,Q07954,Q13263,P62917,Q15233,P42765,P61981,P40926,Q14444,P62854,P23246,P12956,P27816,P53621,P62906,P62913,Q07065,P62328,P13010,Q14011",0.46511627906976744,1.64e-07,1.64e-07
GO:0005488,Binding,41,0.17,0.0023,"Q02218,Q7Z417,Q07954,Q9NRX4,Q15843,Q13263,Q14767,P62917,Q15233,P42765,Q96CW1,P02461,Q9UMS6,P61981,P05976,P37837,P40926,Q14444,P62854,P23246,P12956,P27816,P02652,P53621,P06753,P30085,P62906,P62913,P15374,Q07065,P62328,P13010,Q02818,O15143,P18859,Q9UHD8,Q01995,P04179,P14314,Q14011,Q96HC4",0.9534883720930233,0.0023,0.0023
GO:0005198,Structural...,9,0.81,0.0094,"P62917,P02461,P05976,P62854,P27816,P53621,P62906,P62913,O15143",0.20930232558139536,0.0094,0.0094
GO:0003676,Nucleic ac...,21,0.38,0.0205,"Q7Z417,Q07954,Q13263,P62917,Q15233,P42765,P61981,P40926,Q14444,P62854,P23246,P12956,P27816,P53621,P62906,P62913,Q07065,P62328,P13010,Q02818,Q14011",0.4883720930232558,0.0205,0.0205
GO:0005515,Protein bi...,29,0.27,0.0205,"Q07954,Q9NRX4,Q15843,Q13263,Q14767,Q15233,Q96CW1,P02461,Q9UMS6,P61981,P40926,P62854,P23246,P12956,P27816,P02652,P53621,P06753,P62913,P15374,P62328,P13010,Q02818,O15143,Q9UHD8,Q01995,P04179,P14314,Q96HC4",0.6744186046511628,0.0205,0.0205
GO:0070325,Lipoprotei...,3,1.7,0.0206,"Q07954,Q96CW1,P02652",0.06976744186046512,0.0206,0.0206
