Entry,AS_1,PS_1,Role_1,AS_2,PS_2,Role_2
P14866,0.030007799280178382,0.5,3,-1.9462236828370791,-1.0,0
