Entry,AS_1,PS_1,Role_1,AS_2,PS_2,Role_2
P17174,0.3574498285405623,0.8562032022876647,3,0.059599568709960415,-0.050507548850426076,2
